{
  "totalPlayer": 3,
  "user": [
    "Someone",
    "Egemen",
    "Tarkan",
    "1000"
  ],
  "purchasableSquares" : [
    "Besiktas", "Kadikoy",
    "Sariyer", "Bebek", "Gokturk",
    "Atasehir", "Zekeriyakoy", "Acibadem",
    "Kurucesme", "Bostanci", "Beylikduzu",
    "Bahcesehir", "Osmanbey", "Gayrettepe",
    "Atakoy", "Caddebostan", "Uskudar",
    "Beylerbeyi", "Cihangir", "Sisli",
    "Istinye", "Beykoz", "Baltalimani",
    "Emirgan", "Eminonu", "Tarabya", "Kanlıca"
  , "Balat", "Yenikoy", "Kartal"
  ],
  "taxSquareNumber": 4,
  "taxAmount": 200,
  "jailNumber": 3,
  "goSquareAmount": 200,
  "regularSquare": 10,
  "constructable": 10,
  "railway" :10,
  "railwayPrice": 200,
  "constructablePrice": 300
}